{
  "hash": "f4a7f848",
  "configHash": "f7b33a74",
  "lockfileHash": "0e163f0b",
  "browserHash": "974aeb01",
  "optimized": {
    "@angular/core": {
      "src": "../../../../../node_modules/@angular/core/fesm2022/core.mjs",
      "file": "@angular_core.js",
      "fileHash": "1c19cdb7",
      "needsInterop": false
    },
    "@angular/platform-browser": {
      "src": "../../../../../node_modules/@angular/platform-browser/fesm2022/platform-browser.mjs",
      "file": "@angular_platform-browser.js",
      "fileHash": "b4d73ba7",
      "needsInterop": false
    },
    "@angular/router": {
      "src": "../../../../../node_modules/@angular/router/fesm2022/router.mjs",
      "file": "@angular_router.js",
      "fileHash": "dec7a8ed",
      "needsInterop": false
    }
  },
  "chunks": {
    "chunk-2SPD74AY": {
      "file": "chunk-2SPD74AY.js"
    },
    "chunk-UW4MIM2Y": {
      "file": "chunk-UW4MIM2Y.js"
    }
  }
}