{
  "hash": "e95edd10",
  "configHash": "237dc85d",
  "lockfileHash": "d3a87e00",
  "browserHash": "49459c01",
  "optimized": {
    "@angular/core": {
      "src": "../../../../../node_modules/@angular/core/fesm2022/core.mjs",
      "file": "@angular_core.js",
      "fileHash": "bb0c8fe3",
      "needsInterop": false
    },
    "@angular/platform-browser": {
      "src": "../../../../../node_modules/@angular/platform-browser/fesm2022/platform-browser.mjs",
      "file": "@angular_platform-browser.js",
      "fileHash": "17bc9186",
      "needsInterop": false
    },
    "@angular/common/http": {
      "src": "../../../../../node_modules/@angular/common/fesm2022/http.mjs",
      "file": "@angular_common_http.js",
      "fileHash": "8b819da0",
      "needsInterop": false
    }
  },
  "chunks": {
    "chunk-GJXI2IHA": {
      "file": "chunk-GJXI2IHA.js"
    },
    "chunk-MS343FM7": {
      "file": "chunk-MS343FM7.js"
    }
  }
}