{
  "hash": "aec41438",
  "configHash": "adad6f1b",
  "lockfileHash": "9cdf386f",
  "browserHash": "6f5efa1e",
  "optimized": {
    "@angular/common": {
      "src": "../../../../../node_modules/@angular/common/fesm2022/common.mjs",
      "file": "@angular_common.js",
      "fileHash": "2731cff5",
      "needsInterop": false
    },
    "@angular/core": {
      "src": "../../../../../node_modules/@angular/core/fesm2022/core.mjs",
      "file": "@angular_core.js",
      "fileHash": "f77f05a7",
      "needsInterop": false
    },
    "@angular/platform-browser": {
      "src": "../../../../../node_modules/@angular/platform-browser/fesm2022/platform-browser.mjs",
      "file": "@angular_platform-browser.js",
      "fileHash": "22ab200c",
      "needsInterop": false
    }
  },
  "chunks": {
    "chunk-MDVPKFLD": {
      "file": "chunk-MDVPKFLD.js"
    },
    "chunk-62W2VKXC": {
      "file": "chunk-62W2VKXC.js"
    }
  }
}