{
  "hash": "01f87c32",
  "configHash": "743d6aff",
  "lockfileHash": "588f060a",
  "browserHash": "55bcd385",
  "optimized": {
    "@angular/core": {
      "src": "../../../../../node_modules/@angular/core/fesm2022/core.mjs",
      "file": "@angular_core.js",
      "fileHash": "0beca1e6",
      "needsInterop": false
    },
    "@angular/platform-browser": {
      "src": "../../../../../node_modules/@angular/platform-browser/fesm2022/platform-browser.mjs",
      "file": "@angular_platform-browser.js",
      "fileHash": "668e46d6",
      "needsInterop": false
    },
    "@angular/common": {
      "src": "../../../../../node_modules/@angular/common/fesm2022/common.mjs",
      "file": "@angular_common.js",
      "fileHash": "739d28dd",
      "needsInterop": false
    }
  },
  "chunks": {
    "chunk-MDVPKFLD": {
      "file": "chunk-MDVPKFLD.js"
    },
    "chunk-62W2VKXC": {
      "file": "chunk-62W2VKXC.js"
    }
  }
}