{
  "hash": "7d233847",
  "configHash": "c04a85ab",
  "lockfileHash": "0a99caf7",
  "browserHash": "fca544ab",
  "optimized": {
    "@angular/common": {
      "src": "../../../../../node_modules/@angular/common/fesm2022/common.mjs",
      "file": "@angular_common.js",
      "fileHash": "e869c584",
      "needsInterop": false
    },
    "@angular/common/http": {
      "src": "../../../../../node_modules/@angular/common/fesm2022/http.mjs",
      "file": "@angular_common_http.js",
      "fileHash": "39045b9e",
      "needsInterop": false
    },
    "@angular/core": {
      "src": "../../../../../node_modules/@angular/core/fesm2022/core.mjs",
      "file": "@angular_core.js",
      "fileHash": "9492d9ac",
      "needsInterop": false
    },
    "@angular/platform-browser": {
      "src": "../../../../../node_modules/@angular/platform-browser/fesm2022/platform-browser.mjs",
      "file": "@angular_platform-browser.js",
      "fileHash": "b1de70f3",
      "needsInterop": false
    }
  },
  "chunks": {
    "chunk-KMRQ436V": {
      "file": "chunk-KMRQ436V.js"
    },
    "chunk-WN5NNCQH": {
      "file": "chunk-WN5NNCQH.js"
    },
    "chunk-MS343FM7": {
      "file": "chunk-MS343FM7.js"
    }
  }
}