{
  "hash": "08e2c99a",
  "configHash": "e5223e3b",
  "lockfileHash": "f3c5c1fe",
  "browserHash": "64de1df3",
  "optimized": {
    "@angular/core": {
      "src": "../../../../../node_modules/@angular/core/fesm2022/core.mjs",
      "file": "@angular_core.js",
      "fileHash": "f49a0fcc",
      "needsInterop": false
    },
    "@angular/platform-browser": {
      "src": "../../../../../node_modules/@angular/platform-browser/fesm2022/platform-browser.mjs",
      "file": "@angular_platform-browser.js",
      "fileHash": "15119e99",
      "needsInterop": false
    }
  },
  "chunks": {
    "chunk-YOJVXPEW": {
      "file": "chunk-YOJVXPEW.js"
    }
  }
}